Cost1 (Producto asignado),Cost2 (Distancia recorrida),Cost3 (Tiempo de uso),Cost4 (Recarga y gasolina),Cost5 (Mantenimiento),Total Cost
188499.99999999936,426212.1336173754,98786.81709273308,48860.3400315186,234000,996359.2907416265
