Cost1 (Producto asignado),Cost2 (Distancia recorrida),Cost3 (Tiempo de uso),Cost4 (Recarga y gasolina),Cost5 (Mantenimiento),Total Cost
115999.99999999999,402665.6558821426,99035.9171565667,34904.55313157956,108000,760606.1261702889
